{"cameraMode":{"drawMode":0,"name":"Shaded","section":"Shading Mode"},"sceneLighting":false,"audioPlay":false,"sceneViewState":{"m_AlwaysRefresh":false,"showFog":true,"showSkybox":false,"showFlares":true,"showImageEffects":true,"showParticleSystems":true,"showVisualEffectGraphs":true,"m_FxEnabled":true},"in2DMode":false,"pivot":{"x":0.001321505755186081,"y":0.007368938066065311,"z":0.00424613431096077},"rotation":{"x":-0.19123084843158723,"y":0.6102032661437988,"z":0.15496601164340974,"w":0.7530514597892761},"size":0.0035480246879160406,"orthographic":false}